avg_dist,avg_rating_by_driver,avg_rating_of_driver,avg_inc_price,inc_pct,weekday_pct,fancy_car_user,city_Carthag,city_Harko,phone_iPhone,first_month_cat_more_1_trip,first_month_cat_no_trips,month_5_still_here
0,3.67,5.0,4.7,1.10,15.4,46.2,True,0,1,1,1,0,1
1,8.26,5.0,5.0,1.00,0.0,50.0,False,1,0,0,0,1,0
2,0.77,5.0,4.3,1.00,0.0,100.0,False,1,0,1,1,0,0
3,2.36,4.9,4.6,1.14,20.0,80.0,True,0,1,1,1,0,1
4,3.13,4.9,4.4,1.19,11.8,82.4,False,0,0,0,1,0,0
5,10.56,5.0,3.5,1.00,0.0,100.0,True,0,0,1,1,0,1
6,3.95,4.0,NaN,1.00,0.0,100.0,False,1,0,0,0,0,0
7,2.04,5.0,5.0,1.00,0.0,100.0,False,0,0,1,1,0,0
8,4.36,5.0,4.5,1.00,0.0,100.0,False,0,0,0,1,0,0
9,2.37,5.0,NaN,1.00,0.0,0.0,False,0,0,0,0,0,0
10,4.28,4.9,5.0,1.00,0.0,100.0,True,0,0,1,0,0,1
11,3.81,5.0,4.0,1.00,0.0,100.0,False,0,0,1,1,0,0
12,20.29,5.0,NaN,1.00,0.0,100.0,False,0,0,1,0,0,0
13,3.04,5.0,4.0,1.38,50.0,50.0,False,0,1,1,0,1,1
14,26.01,5.0,NaN,1.00,0.0,100.0,False,1,0,0,0,0,0
15,13.20,5.0,NaN,1.00,0.0,100.0,True,0,0,0,0,0,0
16,10.86,3.0,5.0,1.00,0.0,50.0,True,0,1,0,0,0,1
17,2.38,4.8,3.9,1.00,0.0,95.2,True,0,1,1,0,1,1
18,6.83,4.8,4.6,1.21,30.8,80.8,True,0,1,1,1,0,1
19,12.08,5.0,5.0,1.17,33.3,66.7,False,0,1,1,0,1,1
20,2.53,3.0,NaN,1.00,0.0,50.0,False,0,0,0,0,0,0
21,3.31,5.0,NaN,1.00,0.0,100.0,False,1,0,1,0,0,0
22,11.47,5.0,NaN,1.00,0.0,100.0,False,0,0,1,0,1,0
23,7.74,5.0,5.0,1.00,0.0,100.0,True,0,1,0,0,1,1
24,2.10,4.7,4.5,1.02,9.1,36.4,False,1,0,1,1,0,0
25,14.48,5.0,NaN,1.00,0.0,100.0,True,0,0,1,0,0,0
26,1.66,5.0,4.0,1.00,0.0,100.0,False,1,0,0,0,0,0
27,3.05,5.0,5.0,1.05,20.0,100.0,False,0,0,1,1,0,0
28,5.97,5.0,NaN,1.50,100.0,0.0,False,0,0,1,0,1,1
29,11.25,5.0,4.0,1.00,0.0,100.0,False,1,0,0,0,0,0
30,6.12,4.8,5.0,1.00,0.0,25.0,True,1,0,1,1,0,0
31,11.86,5.0,4.9,1.00,0.0,40.0,False,0,0,1,0,0,1
32,10.01,5.0,4.0,2.00,100.0,100.0,False,0,0,1,0,0,1
33,4.48,5.0,NaN,1.00,0.0,100.0,True,0,0,1,0,0,0
34,4.12,5.0,NaN,1.25,100.0,100.0,False,1,0,0,0,0,0
35,14.16,5.0,5.0,1.00,0.0,100.0,False,0,1,0,1,0,0
36,2.43,4.5,NaN,1.00,0.0,50.0,False,1,0,1,1,0,1
37,1.38,5.0,4.0,1.00,0.0,50.0,False,1,0,1,0,1,0
38,4.69,4.8,4.9,1.04,5.8,61.6,True,0,1,1,1,0,1
39,13.73,5.0,NaN,1.00,0.0,100.0,True,0,1,1,0,0,1
40,0.83,5.0,4.0,1.00,0.0,50.0,False,0,0,1,1,0,0
41,3.80,5.0,4.0,1.88,50.0,0.0,False,0,0,1,0,1,0
42,5.72,5.0,4.0,1.50,100.0,0.0,False,0,0,0,0,0,0
43,16.52,5.0,4.5,1.00,0.0,50.0,False,0,0,1,0,0,0
44,1.40,5.0,5.0,1.00,0.0,66.7,True,0,1,1,1,0,1
45,3.00,4.2,4.0,1.00,0.0,50.0,False,1,0,0,1,0,0
46,2.93,5.0,5.0,1.33,33.3,100.0,False,1,0,1,1,0,0
47,3.61,5.0,5.0,1.25,100.0,0.0,False,0,0,1,0,0,0
48,1.75,4.8,4.8,1.00,0.0,100.0,False,0,0,1,1,0,0
49,10.54,4.7,4.4,1.00,0.0,71.4,False,0,0,1,1,0,1
50,3.25,5.0,5.0,1.25,100.0,0.0,False,0,0,0,0,1,0
51,3.24,5.0,4.5,1.00,0.0,52.4,False,0,0,0,1,0,0
52,4.98,5.0,5.0,1.00,0.0,80.0,False,0,0,1,0,1,1
53,3.15,4.8,4.4,1.56,22.2,22.2,True,1,0,1,1,0,0
54,4.94,5.0,3.5,1.50,50.0,50.0,False,0,0,1,1,0,1
55,36.01,5.0,4.0,1.00,0.0,100.0,False,0,0,1,0,0,0
56,23.49,5.0,2.5,1.00,0.0,100.0,False,1,0,0,0,0,0
57,10.21,5.0,4.3,1.00,0.0,66.7,False,1,0,0,0,1,0
58,2.60,5.0,5.0,1.00,0.0,40.0,False,1,0,1,0,1,0
59,6.05,4.5,5.0,1.25,100.0,0.0,False,1,0,1,0,0,0
60,3.01,5.0,NaN,1.00,0.0,0.0,True,1,0,1,0,0,0
61,4.66,5.0,NaN,1.00,0.0,0.0,False,1,0,1,0,0,0
62,4.81,4.8,4.5,1.06,25.0,75.0,False,0,1,1,0,1,0
63,2.21,4.8,4.8,1.03,5.4,54.1,False,1,0,1,1,0,1
64,6.12,5.0,NaN,1.17,33.3,66.7,False,1,0,0,0,0,0
65,10.37,5.0,5.0,1.00,0.0,75.0,False,0,0,1,0,0,0
66,2.42,5.0,5.0,1.00,0.0,100.0,True,0,0,1,0,0,0
67,1.89,5.0,5.0,1.00,0.0,100.0,False,0,0,0,0,1,1
68,4.44,5.0,5.0,1.00,0.0,0.0,True,0,1,1,0,1,1
69,2.61,4.8,3.9,1.09,10.5,63.2,True,1,0,1,1,0,1
70,4.46,5.0,5.0,1.00,0.0,100.0,False,1,0,1,0,1,0
71,1.02,5.0,5.0,1.00,0.0,100.0,False,1,0,0,0,0,0
72,0.00,3.0,5.0,1.00,0.0,100.0,False,1,0,1,0,0,0
73,37.11,5.0,5.0,1.00,0.0,0.0,False,1,0,1,1,0,0
74,2.30,4.9,5.0,1.35,36.0,84.0,False,0,1,1,1,0,1
75,1.45,4.0,5.0,1.00,0.0,0.0,False,0,0,0,0,1,0
76,2.47,5.0,4.8,1.00,0.0,100.0,False,1,0,1,1,0,0
77,19.80,5.0,NaN,1.00,0.0,100.0,False,1,0,1,0,1,0
78,1.82,4.0,5.0,1.00,0.0,0.0,False,0,0,1,0,0,0
79,10.49,5.0,5.0,1.00,0.0,66.7,True,1,0,0,0,1,1
80,3.99,5.0,4.0,1.50,25.0,50.0,False,1,0,1,0,1,0
81,17.89,4.0,4.0,3.50,100.0,100.0,True,0,0,0,0,0,0
82,4.61,4.8,4.0,1.11,18.2,81.8,True,0,0,1,0,0,1
83,2.60,4.7,4.8,1.03,5.3,63.2,False,0,1,1,1,0,1
84,5.01,5.0,4.0,1.00,0.0,100.0,True,1,0,1,0,1,1
85,2.42,4.8,5.0,1.00,0.0,100.0,False,0,0,1,1,0,0
86,3.55,4.9,4.7,1.17,25.0,66.7,True,0,1,1,1,0,1
87,3.06,4.7,5.0,1.00,0.0,67.6,True,0,0,1,1,0,1
88,3.30,4.8,5.0,1.00,0.0,42.9,False,0,1,1,1,0,1
89,4.67,5.0,5.0,1.00,0.0,0.0,True,1,0,1,0,1,0
90,6.28,NaN,5.0,1.00,0.0,0.0,False,0,0,1,0,0,0
91,10.83,5.0,5.0,1.00,0.0,50.0,True,1,0,0,1,0,1
92,1.55,4.5,3.7,1.00,0.0,55.2,False,0,0,1,1,0,1
93,1.13,4.4,4.0,1.00,0.0,80.0,False,0,0,0,1,0,1
94,23.34,4.0,1.0,1.00,0.0,0.0,True,1,0,1,0,0,0
95,1.35,4.0,NaN,1.00,0.0,100.0,True,1,0,1,0,0,0
96,4.89,4.6,4.1,1.00,1.9,76.9,True,0,0,1,1,0,1
97,5.36,5.0,5.0,1.00,0.0,75.0,True,1,0,0,1,0,0
98,4.20,5.0,4.3,1.02,10.0,90.0,False,0,1,1,0,0,1
99,2.86,4.9,4.9,1.00,0.0,89.7,True,1,0,0,1,0,0
100,8.30,5.0,NaN,1.00,0.0,100.0,False,1,0,1,0,1,1
101,6.08,5.0,5.0,1.17,16.7,33.3,False,1,0,0,0,0,1
102,2.15,4.9,4.2,1.00,0.0,50.0,True,0,1,1,1,0,1
103,6.86,4.9,4.4,1.00,0.0,50.0,True,0,0,1,1,0,1
104,4.08,4.9,3.0,1.00,0.0,63.6,True,0,0,1,1,0,1
105,4.99,5.0,5.0,1.00,0.0,0.0,False,0,0,0,0,1,1
106,1.63,5.0,NaN,1.00,0.0,0.0,False,1,0,0,0,1,0
107,10.79,4.9,4.9,1.09,15.9,50.0,False,0,1,1,1,0,1
108,9.14,5.0,3.0,1.00,0.0,100.0,False,1,0,1,0,0,0
109,3.07,5.0,NaN,1.00,0.0,66.7,False,1,0,0,0,0,0
110,5.25,5.0,5.0,1.00,0.0,50.0,True,1,0,1,1,0,1
111,3.81,5.0,4.7,1.00,0.0,100.0,True,0,1,1,0,0,1
112,2.65,5.0,4.8,1.00,0.0,36.4,True,1,0,1,0,0,1
113,10.29,3.7,5.0,1.00,0.0,33.3,False,0,0,0,0,0,0
114,12.32,4.7,4.4,1.05,9.1,63.6,False,0,0,0,0,0,1
115,1.16,4.3,4.0,1.00,0.0,100.0,False,1,0,1,0,1,0
116,0.00,5.0,5.0,1.00,0.0,100.0,False,0,0,0,0,0,0
117,2.64,5.0,2.5,1.63,50.0,100.0,False,1,0,1,0,0,0
118,16.85,5.0,5.0,1.00,0.0,85.7,True,0,0,1,0,1,1
119,4.14,5.0,NaN,2.50,100.0,0.0,False,1,0,0,0,0,0
120,2.67,4.9,4.3,1.06,11.1,88.9,True,1,0,0,1,0,1
121,5.55,4.8,4.9,1.00,0.0,41.2,True,0,0,1,1,0,1
122,1.58,5.0,5.0,1.00,0.0,0.0,False,0,1,1,0,1,1
123,1.78,5.0,5.0,1.00,0.0,33.3,True,1,0,0,0,1,0
124,6.10,4.8,5.0,1.00,0.0,100.0,True,0,0,1,0,1,1
125,8.14,4.6,4.4,1.32,20.0,90.0,True,0,0,1,0,1,0
126,6.04,4.5,5.0,1.00,0.0,100.0,False,1,0,0,1,0,0
127,2.92,5.0,4.0,1.38,50.0,0.0,True,0,0,0,1,0,1
128,2.81,4.3,4.8,1.30,20.0,20.0,False,1,0,1,0,1,0
129,2.00,5.0,5.0,1.00,0.0,0.0,False,0,0,1,1,0,0
130,7.40,5.0,4.5,1.00,0.0,0.0,True,1,0,0,0,1,0
131,1.20,4.0,5.0,1.00,0.0,100.0,False,1,0,0,0,1,0
132,2.64,5.0,5.0,1.00,0.0,100.0,True,0,1,1,0,1,1
133,3.33,4.8,3.8,1.06,25.0,37.5,True,0,0,1,1,0,1
134,2.88,5.0,5.0,1.00,0.0,100.0,False,0,1,0,0,1,1
135,1.99,5.0,NaN,1.75,100.0,100.0,False,0,0,1,0,0,0
136,3.22,4.5,4.9,1.00,0.0,43.8,False,0,0,1,1,0,1
137,13.78,5.0,5.0,1.00,0.0,100.0,False,0,0,1,0,0,0
138,8.20,5.0,NaN,1.00,0.0,0.0,True,1,0,1,0,1,1
139,10.47,4.6,4.4,1.00,0.0,45.5,True,0,1,1,1,0,1
140,2.27,5.0,5.0,1.00,0.0,16.7,True,0,1,1,1,0,1
141,1.68,4.7,3.8,1.06,8.3,41.7,False,0,0,0,1,0,1
142,3.57,4.8,4.5,1.10,10.0,10.0,True,0,1,1,0,0,1
143,11.63,4.8,5.0,1.00,0.0,40.0,False,0,1,1,1,0,1
144,0.95,5.0,5.0,1.00,0.0,100.0,True,0,0,1,0,1,1
145,4.86,4.7,5.0,1.03,2.3,57.5,True,0,1,1,1,0,1
146,4.97,5.0,5.0,1.00,0.0,100.0,True,0,0,1,0,1,0
147,5.44,4.6,3.7,1.09,3.8,57.7,False,0,0,1,1,0,1
148,2.64,5.0,NaN,1.00,0.0,100.0,False,0,0,1,0,1,1
149,3.42,5.0,4.8,1.21,21.4,28.6,True,1,0,1,0,1,1
150,1.64,4.8,4.5,1.14,22.9,62.9,False,0,1,1,1,0,1
151,4.43,4.7,5.0,1.17,33.3,66.7,False,0,0,1,0,1,1
152,4.01,5.0,5.0,1.00,0.0,0.0,True,0,0,1,0,1,0
153,2.10,4.4,4.0,1.00,0.0,50.0,True,0,0,1,1,0,0
154,7.63,5.0,5.0,1.00,0.0,50.0,True,0,0,1,1,0,0
155,1.89,4.5,4.5,1.00,0.0,0.0,False,0,0,1,1,0,0
156,3.18,5.0,4.0,1.00,0.0,100.0,False,0,0,0,0,0,0
157,3.72,5.0,5.0,1.00,0.0,20.0,False,0,0,0,0,0,0
158,3.80,4.7,5.0,1.00,0.0,100.0,False,1,0,1,0,1,0
159,18.03,5.0,5.0,1.00,0.0,0.0,False,1,0,0,0,0,0
160,2.92,4.7,5.0,1.00,0.0,30.0,True,1,0,1,0,0,1
161,2.03,4.7,4.9,1.00,0.0,42.9,True,0,1,1,0,1,1
162,12.60,5.0,5.0,1.00,0.0,0.0,False,1,0,1,0,0,0
163,2.86,5.0,5.0,1.00,0.0,42.9,True,0,1,1,1,0,1
164,18.57,5.0,5.0,1.00,0.0,100.0,True,0,1,0,1,0,1
165,1.50,3.5,5.0,1.63,100.0,0.0,False,1,0,1,1,0,0
166,2.36,5.0,NaN,1.00,0.0,100.0,False,0,0,0,0,0,0
167,1.73,5.0,5.0,1.00,0.0,100.0,False,0,0,0,0,1,0
168,3.37,3.5,5.0,1.00,0.0,100.0,False,1,0,0,1,0,0
169,2.11,5.0,1.0,1.00,0.0,100.0,True,0,0,1,0,1,0
170,5.45,5.0,NaN,1.00,0.0,100.0,False,1,0,1,0,1,1
171,2.20,5.0,4.0,1.00,0.0,100.0,False,0,0,1,0,0,0
172,3.88,5.0,5.0,1.00,0.0,50.0,False,0,0,0,0,0,0
173,9.77,5.0,2.0,1.00,0.0,100.0,False,1,0,0,0,0,0
174,1.75,5.0,4.5,1.00,0.0,0.0,True,1,0,0,1,0,0
175,3.56,5.0,4.0,1.25,100.0,100.0,False,0,1,1,0,0,0
176,20.32,5.0,5.0,1.00,0.0,100.0,False,1,0,0,0,1,0
177,14.37,5.0,5.0,1.00,0.0,75.0,False,0,1,1,0,1,0
178,4.46,2.0,4.0,1.00,0.0,100.0,False,1,0,1,0,0,0
179,12.52,5.0,4.0,1.00,0.0,100.0,False,1,0,1,0,0,0
180,4.20,4.6,3.9,1.02,3.5,69.0,False,1,0,1,1,0,1
181,2.74,4.0,3.0,1.00,0.0,0.0,True,0,0,0,0,0,0
182,18.15,5.0,NaN,1.00,0.0,100.0,True,0,0,1,0,1,1
183,7.54,5.0,5.0,1.00,0.0,0.0,False,0,1,1,0,0,0
184,10.16,5.0,5.0,1.00,0.0,75.0,True,0,0,1,0,1,1
185,26.90,5.0,NaN,1.00,0.0,0.0,True,0,0,0,0,0,0
186,3.15,3.8,5.0,1.05,20.0,20.0,False,0,1,1,0,0,1
187,4.54,5.0,5.0,1.00,0.0,0.0,False,0,0,1,0,0,0
188,0.00,5.0,NaN,1.00,0.0,100.0,False,0,0,0,0,0,0
189,8.91,5.0,5.0,1.00,0.0,33.3,True,0,0,1,1,0,1
190,10.37,4.0,4.0,1.25,50.0,75.0,False,0,0,0,0,1,0
191,1.34,5.0,NaN,1.00,0.0,100.0,False,0,0,0,0,0,0
192,4.42,4.5,4.5,1.00,0.0,20.0,True,0,0,1,1,0,1
193,5.99,3.0,5.0,1.00,0.0,100.0,False,0,0,1,1,0,0
194,1.78,5.0,5.0,1.04,14.3,42.9,True,0,1,1,0,1,1
195,1.27,5.0,5.0,1.00,0.0,100.0,False,0,0,1,0,0,0
196,8.00,4.8,4.0,1.00,0.0,62.5,True,0,0,1,1,0,1
197,3.75,5.0,3.7,2.25,66.7,33.3,False,0,0,1,0,1,0
198,1.38,4.0,5.0,2.00,50.0,0.0,False,0,0,1,0,0,0
199,4.58,5.0,5.0,1.00,0.0,100.0,False,0,0,1,0,1,0
200,2.34,4.6,4.6,1.02,2.7,83.8,True,0,0,1,1,0,1
201,27.32,5.0,5.0,1.00,0.0,100.0,False,0,1,1,0,0,1
202,2.50,4.5,4.6,1.00,0.0,57.1,False,0,0,1,1,0,0
203,6.87,5.0,4.5,1.20,26.1,52.2,True,0,1,1,1,0,1
204,5.28,5.0,5.0,1.00,0.0,66.7,False,0,0,1,0,1,1
205,2.09,5.0,5.0,1.00,0.0,100.0,True,1,0,1,0,1,1
206,3.69,5.0,5.0,1.00,0.0,100.0,False,0,0,1,0,1,1
207,2.52,5.0,5.0,1.00,0.0,0.0,False,1,0,0,1,0,0
208,14.93,5.0,NaN,1.00,0.0,0.0,False,0,0,1,0,0,0
209,11.78,5.0,5.0,1.00,0.0,100.0,False,1,0,0,0,1,1
210,16.88,3.0,5.0,1.00,0.0,100.0,False,0,0,1,0,1,0
211,2.34,5.0,5.0,1.00,0.0,0.0,False,0,1,1,0,1,1
212,0.89,3.0,5.0,1.00,0.0,100.0,False,0,0,1,0,1,0
213,3.07,5.0,5.0,1.00,0.0,0.0,False,0,0,0,0,0,0
214,3.81,4.9,4.3,1.04,7.1,57.1,False,1,0,1,1,0,1
215,19.77,4.0,NaN,1.00,0.0,100.0,True,0,0,1,0,0,0
216,2.70,4.5,4.5,1.50,50.0,50.0,False,0,1,0,0,1,1
217,2.66,4.3,4.7,1.00,0.0,72.2,True,0,0,1,1,0,1
218,2.60,5.0,5.0,1.75,100.0,0.0,False,0,0,0,0,0,0
219,12.21,5.0,NaN,1.00,0.0,100.0,True,0,1,0,0,1,1
220,2.34,4.8,4.9,1.04,7.7,0.0,False,0,0,1,1,0,1
221,10.61,5.0,4.3,1.13,25.0,25.0,True,0,0,0,0,0,0
222,7.89,5.0,NaN,1.00,0.0,0.0,False,0,1,1,0,1,0
223,5.31,5.0,NaN,1.00,0.0,100.0,False,1,0,1,1,0,0
224,1.69,5.0,4.6,1.00,0.0,40.0,False,0,0,0,0,1,1
225,5.04,4.9,4.8,1.00,0.0,39.1,True,1,0,1,1,0,1
226,6.80,5.0,5.0,1.00,0.0,100.0,False,0,1,1,0,1,1
227,17.87,5.0,5.0,1.00,0.0,100.0,True,0,0,1,0,1,1
228,24.43,5.0,5.0,1.00,0.0,0.0,True,1,0,0,0,0,0
229,2.69,4.7,5.0,1.04,4.9,46.3,False,0,1,1,1,0,1
230,18.61,2.0,1.0,1.00,0.0,100.0,True,0,0,1,0,0,0
231,9.31,4.0,NaN,1.00,0.0,100.0,True,0,0,1,0,0,1
232,7.17,4.3,5.0,1.00,0.0,45.5,True,0,0,1,1,0,1
233,12.96,5.0,5.0,1.00,0.0,100.0,False,0,0,0,0,1,0
234,10.68,5.0,NaN,1.00,0.0,100.0,False,0,0,1,0,1,0
235,1.62,5.0,4.0,1.00,0.0,42.9,True,0,0,0,0,1,1
236,7.60,5.0,4.5,1.00,0.0,100.0,False,1,0,1,0,0,0
237,1.53,4.8,5.0,1.09,18.2,45.5,False,0,1,1,1,0,1
238,5.72,5.0,NaN,1.00,0.0,0.0,False,1,0,0,0,0,0
239,16.19,4.3,5.0,1.00,0.0,33.3,False,1,0,1,1,0,1
240,3.28,5.0,5.0,1.00,0.0,100.0,False,1,0,1,0,1,1
241,12.45,4.8,NaN,1.00,0.0,100.0,False,0,1,0,1,0,1
242,6.46,4.9,4.4,1.00,0.0,87.5,True,1,0,1,1,0,1
243,5.05,4.3,5.0,1.13,25.0,25.0,False,0,0,1,0,1,1
244,13.83,4.8,4.5,1.08,16.7,83.3,True,1,0,1,1,0,0
245,3.42,5.0,4.0,1.00,0.0,100.0,False,1,0,0,0,0,0
246,3.04,5.0,5.0,1.38,50.0,50.0,False,0,0,1,0,1,0
247,17.04,5.0,NaN,1.00,0.0,100.0,True,0,0,1,0,1,0
248,19.07,5.0,4.5,1.00,0.0,50.0,False,0,0,1,0,0,1
249,1.13,5.0,5.0,1.00,0.0,100.0,False,0,1,0,1,0,0
250,2.82,4.0,NaN,1.13,50.0,50.0,True,1,0,0,0,0,0
251,8.09,5.0,5.0,1.00,0.0,100.0,False,0,0,1,1,0,0
252,3.34,5.0,NaN,1.15,20.0,100.0,True,0,1,1,0,0,1
253,20.03,5.0,NaN,1.00,0.0,0.0,False,0,1,0,0,1,1
254,5.38,5.0,NaN,1.00,0.0,100.0,False,1,0,1,0,0,0
255,10.73,5.0,5.0,1.00,0.0,0.0,False,1,0,1,0,0,0
256,17.63,5.0,5.0,1.00,0.0,100.0,False,0,0,1,0,1,0
257,6.20,3.0,3.0,1.00,0.0,100.0,True,0,0,0,0,0,0
258,4.56,4.9,2.7,1.00,0.0,45.5,True,1,0,1,0,1,0
259,2.99,4.3,4.2,1.00,0.0,45.5,True,0,0,1,1,0,1
260,3.56,5.0,5.0,1.00,0.0,87.5,False,0,0,1,1,0,1
261,1.59,5.0,5.0,1.00,0.0,100.0,True,0,0,1,0,1,1
262,0.68,5.0,4.0,1.00,0.0,100.0,False,0,0,1,1,0,0
263,9.15,5.0,4.3,1.00,0.0,66.7,True,0,1,0,1,0,0
264,5.76,5.0,4.5,1.00,0.0,44.4,False,1,0,1,1,0,0
265,3.19,4.7,4.6,1.00,0.0,55.6,True,0,0,1,1,0,1
266,0.70,4.7,4.0,1.00,0.0,100.0,True,0,0,0,1,0,0
267,7.69,5.0,5.0,1.25,25.0,0.0,False,0,0,1,0,1,0
268,1.86,4.5,5.0,1.00,0.0,37.5,True,0,0,1,0,1,1
269,5.82,5.0,5.0,1.00,0.0,100.0,True,1,0,1,0,1,0
270,3.84,5.0,5.0,1.09,12.5,50.0,False,0,1,1,1,0,1
271,2.32,5.0,NaN,1.00,0.0,100.0,True,1,0,0,0,0,0
272,2.37,5.0,NaN,1.00,0.0,0.0,True,0,1,1,0,1,1
273,1.17,5.0,5.0,1.00,0.0,100.0,False,0,0,1,0,0,0
274,6.00,NaN,2.0,4.00,100.0,0.0,False,1,0,1,0,0,0
275,4.14,5.0,4.6,1.10,15.4,69.2,True,0,0,0,1,0,0
276,3.23,5.0,5.0,1.00,0.0,100.0,True,1,0,0,0,1,0
277,1.82,NaN,NaN,1.00,0.0,0.0,False,0,0,1,0,0,0
278,3.29,4.8,5.0,1.00,0.0,0.0,False,1,0,1,0,1,1
279,13.12,5.0,NaN,1.00,0.0,0.0,False,0,0,1,0,0,0
280,2.51,4.3,4.5,1.21,42.9,14.3,True,0,1,1,1,0,1
281,0.63,5.0,NaN,1.00,0.0,100.0,True,1,0,1,0,1,0
282,1.83,5.0,3.8,1.19,17.6,76.5,False,0,1,1,1,0,0
283,1.88,5.0,4.8,1.08,16.7,33.3,False,1,0,1,1,0,0
284,3.34,4.5,4.0,1.13,25.0,25.0,False,1,0,1,1,0,0
285,7.81,4.8,4.9,1.12,14.8,44.4,True,1,0,1,0,0,1
286,3.57,5.0,NaN,1.00,0.0,0.0,False,1,0,1,0,1,0
287,1.34,5.0,NaN,1.00,0.0,100.0,True,0,0,0,0,1,0
288,3.30,4.7,3.7,1.00,0.0,78.6,True,1,0,1,1,0,1
289,6.71,5.0,NaN,1.00,0.0,0.0,False,1,0,0,0,1,0
290,2.41,4.9,4.9,1.22,27.3,63.6,False,1,0,1,1,0,1
291,8.08,5.0,5.0,1.00,0.0,100.0,False,1,0,1,0,0,0
292,2.43,5.0,4.2,1.29,14.3,71.4,False,0,1,1,0,1,1
293,0.59,5.0,5.0,1.00,0.0,100.0,True,1,0,1,0,1,0
294,14.51,5.0,NaN,1.00,0.0,0.0,True,0,0,1,0,0,0
295,5.21,5.0,5.0,1.00,0.0,0.0,True,0,1,0,0,0,0
296,2.96,5.0,5.0,1.00,0.0,33.3,False,0,0,1,1,0,1
297,5.93,5.0,5.0,1.00,0.0,100.0,False,0,1,1,0,0,1
298,10.43,5.0,5.0,1.25,100.0,100.0,False,1,0,0,0,0,0
299,1.85,4.6,5.0,1.00,0.0,88.3,False,0,0,0,1,0,1
300,3.03,4.6,5.0,1.23,20.9,56.7,True,0,0,1,1,0,1
301,4.65,5.0,5.0,1.00,0.0,33.3,False,0,0,1,0,1,1
302,2.82,4.8,4.3,1.00,0.0,66.7,False,0,0,0,1,0,0
303,2.05,4.7,5.0,1.00,0.0,33.3,False,0,0,1,0,1,0
304,19.81,5.0,5.0,2.00,50.0,100.0,True,0,0,0,0,1,0
305,7.50,4.8,4.0,1.01,1.7,70.9,True,0,1,1,1,0,1
306,1.64,5.0,5.0,1.00,0.0,0.0,True,0,1,0,0,0,0
307,3.18,4.9,4.6,1.00,0.0,57.1,True,0,0,1,1,0,1
308,4.56,4.5,2.0,1.00,0.0,50.0,False,0,0,1,0,0,1
309,8.07,3.0,NaN,1.00,0.0,100.0,False,0,1,1,0,1,1
310,1.84,5.0,4.0,1.00,0.0,0.0,True,0,0,1,1,0,0
311,4.07,2.5,5.0,1.00,0.0,100.0,False,0,0,0,0,0,0
312,2.48,4.9,4.8,1.06,11.7,60.0,True,0,1,0,1,0,1
313,2.34,4.9,4.9,1.00,0.0,23.1,True,0,1,0,0,1,1
314,1.89,4.6,4.8,1.00,0.0,100.0,True,0,0,1,1,0,0
315,11.86,4.0,NaN,1.00,0.0,0.0,False,0,0,1,0,1,1
316,3.83,5.0,5.0,1.04,16.7,66.7,False,1,0,0,1,0,0
317,14.59,5.0,5.0,1.00,0.0,0.0,False,1,0,1,0,0,0
318,1.43,5.0,5.0,1.00,0.0,100.0,False,0,1,0,0,1,1
319,6.46,5.0,5.0,1.00,0.0,33.3,False,0,1,1,0,0,1
320,31.01,5.0,5.0,1.00,0.0,100.0,False,1,0,0,0,0,0
321,5.21,5.0,5.0,1.00,0.0,100.0,False,1,0,1,1,0,0
322,14.79,5.0,5.0,1.00,0.0,100.0,False,1,0,0,0,1,0
323,3.84,4.9,4.5,1.00,0.0,50.0,False,1,0,0,1,0,1
324,7.34,5.0,3.3,1.00,0.0,25.0,False,1,0,1,0,1,0
325,3.13,5.0,4.3,1.00,0.0,100.0,True,0,0,1,0,1,0
326,1.58,5.0,NaN,1.00,0.0,50.0,False,0,0,1,0,0,0
327,4.42,5.0,5.0,1.00,0.0,0.0,False,0,0,1,0,0,0
328,5.73,5.0,4.8,1.00,0.0,60.0,False,0,1,1,0,0,1
329,7.85,5.0,NaN,1.00,0.0,100.0,False,1,0,0,0,1,0
330,2.88,4.9,4.9,1.03,13.0,65.2,False,0,1,1,1,0,1
331,6.75,5.0,5.0,1.00,0.0,0.0,True,1,0,1,0,0,0
332,6.25,5.0,5.0,1.00,0.0,0.0,True,1,0,1,0,0,0
333,2.51,4.9,4.5,1.05,8.6,93.1,True,0,1,1,1,0,1
334,5.54,5.0,NaN,1.00,0.0,0.0,True,1,0,1,0,0,0
335,10.10,5.0,5.0,1.00,0.0,50.0,True,1,0,0,1,0,0
336,7.04,5.0,4.0,1.13,25.0,100.0,False,0,0,1,0,0,1
337,3.23,5.0,5.0,1.00,0.0,40.0,True,0,1,0,0,1,1
338,3.95,5.0,5.0,1.00,0.0,100.0,False,1,0,1,0,0,1
339,2.48,4.8,4.9,1.10,8.6,62.9,True,0,1,1,1,0,1
340,1.76,4.8,3.7,1.10,8.3,66.7,True,0,0,1,1,0,1
341,2.41,5.0,5.0,1.00,0.0,50.0,True,1,0,1,0,0,0
342,1.37,5.0,5.0,1.00,0.0,100.0,False,0,0,0,0,0,0
343,1.55,5.0,3.0,1.00,0.0,25.0,True,1,0,1,0,0,1
344,2.56,5.0,NaN,1.00,0.0,0.0,False,0,0,1,0,0,0
345,1.64,4.9,5.0,1.02,9.1,81.8,True,0,1,1,1,0,1
346,4.95,4.7,5.0,1.00,0.0,100.0,False,1,0,1,0,1,0
347,4.63,5.0,3.5,1.00,0.0,0.0,False,0,0,0,1,0,0
348,18.86,5.0,5.0,1.00,0.0,100.0,False,0,0,1,0,1,0
349,6.03,5.0,3.3,1.00,0.0,33.3,True,0,0,0,0,0,1
350,2.00,4.8,5.0,1.00,0.0,64.0,False,0,1,1,1,0,1
351,0.84,5.0,4.7,1.00,0.0,50.0,False,1,0,0,1,0,0
352,7.09,5.0,4.0,1.00,0.0,0.0,True,1,0,1,1,0,0
353,1.73,5.0,NaN,1.00,0.0,0.0,False,0,0,0,0,0,0
354,2.85,5.0,5.0,2.00,100.0,0.0,False,0,0,0,0,1,1
355,1.22,5.0,NaN,1.25,50.0,0.0,False,0,1,0,0,1,1
356,0.00,5.0,4.0,1.00,0.0,100.0,False,0,0,0,0,0,0
357,3.96,4.7,4.6,1.00,0.0,85.7,True,1,0,1,0,0,1
358,1.71,4.8,5.0,1.03,12.5,62.5,True,1,0,1,0,1,1
359,8.17,4.8,3.8,1.00,0.0,80.0,False,0,0,0,0,0,1
360,5.55,5.0,5.0,1.33,33.3,33.3,True,0,1,1,0,1,0
361,3.29,4.8,5.0,1.00,0.0,50.0,False,1,0,0,0,0,1
362,8.11,5.0,NaN,1.00,0.0,0.0,True,1,0,1,0,0,0
363,5.96,4.8,4.9,1.00,0.0,75.0,False,0,0,1,0,1,1
364,6.79,5.0,5.0,1.00,0.0,0.0,False,0,1,1,0,0,0
365,2.05,5.0,4.9,1.00,0.0,28.6,False,0,0,1,0,1,1
366,4.11,4.9,4.9,1.02,10.0,50.0,False,1,0,1,1,0,1
367,6.07,4.7,4.8,1.08,11.1,88.9,True,0,1,0,1,0,0
368,5.64,5.0,5.0,1.00,0.0,100.0,False,0,1,0,0,1,0
369,4.69,5.0,5.0,1.00,0.0,100.0,False,1,0,1,0,0,1
370,18.29,5.0,NaN,1.00,0.0,100.0,True,0,0,0,0,1,0
371,4.10,5.0,5.0,1.00,0.0,33.3,False,0,1,0,1,0,0
372,2.93,5.0,NaN,1.00,0.0,0.0,False,0,0,1,0,1,0
373,7.80,5.0,5.0,1.00,0.0,100.0,True,1,0,1,0,0,0
374,2.70,5.0,4.0,1.00,0.0,66.7,False,0,0,0,1,0,0
375,2.17,4.9,4.8,1.00,0.0,61.5,False,0,0,1,1,0,1
376,3.12,4.9,4.5,1.00,0.0,60.0,False,0,0,1,1,0,0
377,5.38,4.0,NaN,1.00,0.0,0.0,False,0,0,0,0,0,0
378,8.41,4.8,4.0,1.09,9.1,45.5,True,0,1,1,1,0,1
379,6.16,5.0,5.0,1.00,0.0,100.0,False,0,0,1,0,0,1
380,9.50,4.7,5.0,1.00,0.0,33.3,False,1,0,0,0,1,0
381,1.41,5.0,NaN,1.00,0.0,100.0,False,0,0,1,0,1,0
382,14.18,5.0,5.0,1.00,0.0,50.0,False,1,0,0,1,0,0
383,16.88,5.0,NaN,1.00,0.0,100.0,True,0,1,0,0,1,1
384,8.53,5.0,5.0,1.07,14.3,57.1,False,1,0,1,0,1,1
385,7.05,5.0,5.0,1.19,25.0,12.5,False,0,1,1,1,0,1
386,2.67,5.0,4.0,1.00,0.0,66.7,False,1,0,1,1,0,0
387,8.44,5.0,5.0,1.00,0.0,100.0,False,0,1,0,0,1,1
388,1.77,5.0,5.0,1.00,0.0,100.0,False,0,1,0,0,1,1
389,3.08,4.8,4.9,1.02,3.0,66.7,False,0,1,0,1,0,1
390,3.50,4.7,5.0,1.00,0.0,57.1,False,0,0,1,0,1,1
391,4.67,4.2,4.9,1.18,7.1,7.1,False,0,0,0,1,0,0
392,0.79,5.0,4.0,1.00,0.0,100.0,True,1,0,0,1,0,0
393,3.17,4.7,4.8,1.00,0.0,100.0,True,1,0,0,1,0,1
394,1.42,5.0,5.0,1.00,0.0,100.0,True,1,0,1,0,1,1
395,1.88,5.0,5.0,1.00,0.0,100.0,False,0,1,1,1,0,0
396,6.28,4.9,4.7,1.00,0.0,79.2,True,1,0,1,1,0,1
397,4.29,5.0,5.0,1.00,0.0,0.0,True,1,0,1,0,0,0
398,8.88,4.7,3.5,1.00,0.0,66.7,True,0,0,0,0,0,0
399,5.33,4.7,4.5,1.00,0.0,100.0,False,0,0,0,1,0,0
400,9.20,4.8,4.6,1.00,0.0,60.0,True,1,0,1,0,1,0
401,3.99,4.9,4.4,1.06,11.1,66.7,False,1,0,1,0,1,1
402,14.26,5.0,NaN,1.00,0.0,100.0,True,0,1,1,0,1,1
403,2.76,4.7,4.8,1.04,6.5,54.8,False,0,0,1,1,0,1
404,4.62,4.7,4.0,1.00,0.0,50.0,True,0,0,1,1,0,1
405,3.66,4.8,5.0,1.10,40.0,40.0,False,1,0,0,1,0,0
406,5.77,4.9,4.7,1.07,15.4,76.9,True,0,1,1,1,0,1
407,4.05,5.0,5.0,1.35,20.0,80.0,False,0,0,1,1,0,1
408,1.51,4.7,4.4,1.00,0.0,31.0,False,0,0,1,1,0,1
409,1.88,5.0,5.0,1.00,0.0,33.3,False,0,1,1,0,1,1
410,1.43,4.3,4.5,1.00,0.0,92.9,False,0,0,1,1,0,1
411,1.91,4.9,5.0,1.30,21.1,56.1,True,0,0,1,1,0,1
412,3.60,4.8,4.9,1.18,20.0,46.7,True,1,0,1,1,0,1
413,4.51,4.7,5.0,1.00,0.0,16.7,False,0,0,1,0,1,1
414,14.99,5.0,4.0,1.00,0.0,0.0,False,1,0,1,0,0,0
415,2.41,5.0,5.0,1.00,0.0,0.0,False,1,0,1,1,0,0
416,0.80,4.0,3.0,1.00,0.0,100.0,False,0,0,1,0,0,0
417,2.44,5.0,5.0,1.50,50.0,0.0,False,0,0,1,0,1,0
418,2.26,5.0,4.3,1.00,0.0,66.7,False,1,0,0,1,0,0
419,1.29,5.0,5.0,1.00,0.0,0.0,True,1,0,0,1,0,0
420,1.76,4.8,4.0,1.19,50.0,50.0,False,0,0,1,1,0,1
421,14.30,5.0,NaN,1.00,0.0,100.0,False,0,0,1,0,0,0
422,1.24,5.0,5.0,1.00,0.0,100.0,False,1,0,0,0,1,0
423,4.17,5.0,NaN,1.00,0.0,100.0,False,1,0,1,1,0,1
424,3.39,4.8,4.3,1.25,25.0,66.7,False,0,1,1,1,0,1
425,3.98,5.0,NaN,1.00,0.0,100.0,True,1,0,1,0,0,0
426,8.43,5.0,5.0,1.50,100.0,0.0,False,0,0,0,0,0,0
427,5.42,5.0,5.0,1.00,0.0,100.0,False,0,0,0,0,1,0
428,3.31,4.9,5.0,1.04,7.7,61.5,False,0,0,1,0,0,1
429,6.67,4.9,4.3,1.04,14.3,57.1,True,1,0,0,1,0,0
430,1.13,4.4,5.0,1.00,0.0,100.0,False,0,0,1,1,0,0
431,4.25,4.6,5.0,1.45,40.0,0.0,True,0,0,1,0,0,0
432,14.24,5.0,5.0,1.00,0.0,100.0,False,1,0,1,1,0,0
433,7.96,5.0,5.0,1.00,0.0,0.0,False,0,1,0,1,0,0
434,5.09,4.4,4.8,1.13,14.3,85.7,False,0,1,0,1,0,1
435,5.28,4.6,4.1,1.33,33.3,55.6,False,0,0,1,1,0,1
436,3.22,4.0,3.5,1.00,0.0,100.0,True,0,0,1,1,0,0
437,3.40,4.8,4.6,1.07,11.1,94.4,False,0,0,1,1,0,0
438,14.18,5.0,2.0,1.00,0.0,50.0,True,0,1,1,0,0,0
439,2.02,5.0,5.0,1.00,0.0,100.0,False,1,0,1,0,1,0
440,2.98,5.0,5.0,1.00,0.0,0.0,True,0,1,1,1,0,1
441,8.36,5.0,5.0,1.00,0.0,100.0,False,0,1,0,1,0,1
442,4.88,4.9,4.9,1.07,8.1,91.9,False,0,1,1,1,0,1
443,8.18,2.5,3.0,1.00,0.0,100.0,True,0,0,1,0,1,0
444,3.58,4.8,5.0,1.00,0.0,60.0,True,0,0,0,1,0,1
445,17.93,5.0,5.0,1.00,0.0,100.0,True,0,0,1,0,1,1
446,6.73,5.0,NaN,1.00,0.0,100.0,True,0,0,1,0,0,0
447,4.64,5.0,5.0,1.00,0.0,100.0,False,0,1,0,0,1,0
448,1.66,5.0,5.0,2.75,100.0,100.0,False,1,0,0,0,1,0
449,1.58,5.0,5.0,1.00,0.0,100.0,True,0,1,1,0,0,1
450,3.21,5.0,4.8,1.00,0.0,100.0,False,0,0,0,1,0,0
451,6.78,5.0,NaN,1.00,0.0,0.0,False,1,0,1,0,0,0
452,5.58,5.0,4.5,1.00,0.0,85.7,True,1,0,0,1,0,1
453,2.91,5.0,5.0,1.00,0.0,100.0,False,1,0,0,0,1,0
454,2.15,4.8,4.9,1.08,10.1,52.2,True,0,1,1,1,0,1
455,0.84,5.0,5.0,1.00,0.0,100.0,False,1,0,0,0,1,1
456,13.15,4.9,4.8,1.07,15.8,84.2,False,0,1,1,1,0,1
457,3.46,5.0,3.5,1.04,16.7,100.0,False,1,0,0,1,0,0
458,5.93,5.0,5.0,1.00,0.0,75.0,False,0,0,1,0,1,1
459,11.36,4.5,4.0,1.00,0.0,100.0,False,0,0,1,0,1,0
460,1.44,5.0,NaN,1.00,0.0,0.0,False,1,0,0,0,1,1
461,3.45,5.0,4.0,2.63,100.0,50.0,False,1,0,1,1,0,0
462,6.15,5.0,5.0,1.00,0.0,50.0,False,1,0,1,0,0,0
463,8.62,5.0,NaN,1.00,0.0,0.0,True,0,0,0,0,0,0
464,6.46,5.0,5.0,1.00,0.0,0.0,True,1,0,1,1,0,0
465,9.92,5.0,5.0,1.00,0.0,100.0,True,1,0,1,0,1,0
466,6.93,4.7,4.5,1.00,0.0,44.4,True,0,0,1,1,0,0
467,1.96,5.0,4.7,1.05,12.5,62.5,True,0,1,1,0,1,1
468,4.19,4.3,5.0,1.04,16.7,33.3,True,1,0,1,0,1,1
469,14.24,5.0,NaN,1.00,0.0,100.0,True,0,0,1,0,1,0
470,13.12,4.3,4.5,1.00,0.0,75.0,False,0,0,0,1,0,0
471,2.05,5.0,5.0,1.00,0.0,0.0,False,1,0,1,0,0,0
472,3.50,3.8,4.8,1.06,25.0,100.0,False,1,0,1,1,0,0
473,13.92,5.0,5.0,1.00,0.0,0.0,False,0,0,0,0,0,0
474,9.01,5.0,1.0,1.00,0.0,0.0,False,0,0,0,0,0,0
475,1.12,5.0,5.0,1.00,0.0,0.0,False,1,0,1,0,1,1
476,12.36,3.0,NaN,1.00,0.0,100.0,True,1,0,1,0,1,1
477,7.24,4.5,4.0,1.00,0.0,0.0,False,0,0,1,0,1,1
478,13.90,5.0,5.0,1.00,0.0,100.0,False,1,0,0,0,0,0
479,0.00,5.0,5.0,1.00,0.0,0.0,False,0,0,1,0,0,0
480,4.14,4.7,4.5,1.01,2.4,71.1,False,0,0,1,1,0,1
481,4.72,5.0,4.3,1.00,0.0,66.7,True,1,0,1,1,0,0
482,10.14,5.0,5.0,1.00,0.0,33.3,False,0,0,1,0,0,1
483,3.12,4.8,5.0,1.00,0.0,61.9,True,0,0,1,1,0,1
484,16.96,5.0,5.0,1.00,0.0,0.0,False,0,1,1,0,1,1
485,2.73,5.0,NaN,1.00,0.0,0.0,False,1,0,1,0,0,0
486,3.63,4.9,5.0,1.23,36.6,56.1,True,0,1,1,1,0,1
487,1.21,5.0,5.0,1.05,10.0,70.0,True,1,0,1,1,0,0
488,8.82,4.4,4.7,1.00,0.0,66.7,False,0,0,1,1,0,0
489,4.08,4.7,4.9,1.00,0.0,70.6,False,1,0,1,1,0,1
490,7.10,5.0,NaN,1.00,0.0,0.0,False,0,0,0,0,0,0
491,1.34,3.5,5.0,1.00,0.0,60.0,True,0,1,1,0,1,1
492,4.43,4.7,4.7,1.21,15.4,23.1,True,0,0,0,1,0,0
493,2.34,5.0,5.0,1.04,14.3,57.1,False,1,0,1,0,1,0
494,2.59,4.9,5.0,1.03,10.5,94.7,False,1,0,0,0,0,1
495,3.09,4.8,5.0,1.07,16.7,66.7,False,0,1,1,0,0,0
496,4.03,4.2,4.0,1.46,33.3,50.0,False,1,0,1,0,0,1
497,2.64,4.3,4.4,2.07,71.4,57.1,True,0,0,1,1,0,1
498,2.22,4.6,5.0,1.27,21.4,21.4,False,1,0,1,1,0,1
499,1.91,5.0,5.0,1.00,0.0,50.0,False,0,0,1,0,0,0
500,13.75,5.0,5.0,1.00,0.0,100.0,False,0,1,1,1,0,0
501,3.05,4.9,5.0,1.00,0.0,85.7,False,0,1,1,0,1,1
502,3.14,5.0,NaN,1.00,0.0,50.0,False,0,0,0,0,0,0
503,6.01,5.0,4.7,1.00,0.0,100.0,False,1,0,1,0,1,0
504,3.30,5.0,4.2,1.00,0.0,37.5,False,0,0,1,1,0,1
505,4.93,5.0,5.0,1.15,20.0,80.0,False,1,0,0,1,0,0
506,3.70,4.5,3.5,1.02,3.7,92.6,False,0,0,1,1,0,1
507,1.57,5.0,5.0,1.25,50.0,100.0,False,0,0,1,1,0,0
508,2.39,5.0,3.5,1.00,0.0,100.0,False,1,0,0,1,0,0
509,11.61,4.0,4.0,1.00,0.0,0.0,False,0,0,1,0,0,0
510,1.63,4.0,4.0,1.00,0.0,100.0,True,0,0,1,1,0,0
511,5.28,4.8,4.3,1.00,0.0,50.0,True,1,0,0,1,0,0
512,5.74,5.0,4.5,1.00,0.0,87.5,False,0,0,1,1,0,1
513,3.51,5.0,NaN,1.00,0.0,66.7,False,0,0,1,0,1,0
514,4.95,4.8,5.0,1.00,0.0,100.0,False,0,0,1,0,0,1
515,4.95,5.0,5.0,1.25,25.0,25.0,False,0,1,0,1,0,0
516,2.57,5.0,NaN,1.00,0.0,100.0,True,0,0,0,0,1,1
517,2.91,4.9,5.0,1.00,0.0,55.6,True,0,1,0,1,0,1
518,0.93,5.0,5.0,1.00,0.0,100.0,False,1,0,1,0,0,0
519,2.70,5.0,NaN,1.00,0.0,100.0,False,0,0,1,0,0,0
520,6.67,5.0,5.0,1.00,0.0,92.9,True,0,1,1,0,1,1
521,25.29,5.0,4.5,1.00,0.0,100.0,False,0,1,1,1,0,0
522,3.23,5.0,NaN,1.50,100.0,0.0,False,0,0,0,0,0,0
523,2.71,5.0,5.0,1.00,0.0,100.0,False,0,1,1,0,0,1
524,1.86,5.0,4.0,1.00,0.0,100.0,True,1,0,0,0,1,0
525,3.07,5.0,5.0,1.00,0.0,100.0,True,1,0,0,1,0,0
526,2.40,5.0,5.0,1.00,0.0,100.0,False,0,1,1,0,0,0
527,3.18,5.0,NaN,3.00,100.0,0.0,False,1,0,1,0,0,0
528,2.38,5.0,NaN,1.00,0.0,0.0,True,1,0,1,0,1,0
529,2.61,5.0,5.0,1.00,0.0,100.0,False,1,0,1,0,1,0
530,2.63,4.8,5.0,1.06,7.7,7.7,True,0,0,1,1,0,1
531,2.27,5.0,4.0,1.00,0.0,100.0,True,0,1,1,0,1,1
532,7.21,4.5,5.0,1.06,7.7,51.3,True,0,1,0,0,1,1
533,5.09,5.0,5.0,1.00,0.0,60.0,True,0,0,0,0,1,1
534,129.89,5.0,NaN,1.00,0.0,0.0,False,0,1,0,0,1,0
535,2.25,5.0,4.0,1.00,0.0,100.0,False,0,0,1,1,0,0
536,1.41,NaN,5.0,1.00,0.0,100.0,False,0,0,0,0,0,0
537,21.07,5.0,4.5,1.00,0.0,66.7,False,0,0,0,0,1,1
538,5.66,3.0,5.0,1.00,0.0,50.0,True,1,0,1,0,0,0
539,4.65,5.0,3.0,1.00,0.0,100.0,False,1,0,0,0,0,0
540,2.62,5.0,5.0,1.00,0.0,100.0,False,0,0,0,0,0,0
541,5.53,4.0,NaN,1.00,0.0,0.0,False,1,0,1,0,1,1
542,3.47,4.9,4.9,1.00,0.0,66.7,False,0,0,1,1,0,1
543,0.84,5.0,NaN,1.00,0.0,100.0,True,1,0,1,0,1,0
544,2.11,5.0,5.0,1.00,0.0,100.0,False,1,0,1,1,0,0
545,5.21,4.5,2.5,1.13,50.0,100.0,False,0,0,0,1,0,0
546,2.65,3.7,4.0,1.08,33.3,33.3,False,0,0,1,0,1,1
547,7.93,4.7,4.2,1.17,8.3,58.3,True,0,0,1,0,1,1
548,1.73,5.0,NaN,1.00,0.0,100.0,False,0,0,1,0,0,0
549,5.75,5.0,4.0,1.25,12.5,75.0,True,1,0,1,0,0,0
550,4.89,4.8,5.0,1.00,0.0,25.0,False,0,0,1,1,0,1
551,2.99,5.0,4.4,1.14,7.1,78.6,False,0,0,0,1,0,1
552,1.59,5.0,NaN,1.00,0.0,0.0,False,0,0,1,0,1,1
553,4.17,4.7,3.3,1.03,11.1,77.8,False,0,0,0,0,1,1
554,6.03,4.9,4.6,1.36,33.3,66.7,False,0,0,0,1,0,0
555,13.28,5.0,NaN,1.00,0.0,100.0,False,1,0,0,0,0,0
556,1.45,4.7,4.3,1.02,2.0,100.0,True,0,0,1,1,0,1
557,4.81,5.0,5.0,1.00,0.0,0.0,False,1,0,1,0,1,0
558,22.81,5.0,5.0,1.00,0.0,100.0,False,0,0,0,0,1,0
559,2.79,4.9,5.0,1.04,5.7,74.3,False,0,0,1,1,0,0
560,15.85,5.0,NaN,1.00,0.0,100.0,True,0,0,1,0,1,0
561,8.74,5.0,NaN,1.00,0.0,100.0,True,1,0,1,0,0,0
562,11.60,5.0,4.5,1.00,0.0,16.7,True,0,1,1,0,0,1
563,0.08,5.0,5.0,1.00,0.0,0.0,False,0,0,1,0,1,0
564,2.86,4.8,3.9,1.11,10.5,47.4,True,0,0,1,1,0,1
565,2.12,5.0,5.0,1.00,0.0,100.0,False,1,0,1,1,0,0
566,6.71,4.8,5.0,1.00,0.0,100.0,False,0,0,1,1,0,0
567,1.76,4.8,5.0,1.96,61.5,84.6,False,0,0,0,1,0,0
568,2.41,5.0,1.0,1.00,0.0,50.0,True,1,0,0,0,0,1
569,3.95,5.0,5.0,1.00,0.0,0.0,False,1,0,0,0,1,1
570,8.10,5.0,NaN,1.00,0.0,66.7,False,1,0,0,0,1,0
571,15.86,5.0,5.0,1.00,0.0,0.0,False,0,0,0,0,1,0
572,2.13,4.1,4.3,1.00,0.0,88.9,False,0,0,1,0,0,1
573,1.89,4.8,4.8,1.03,5.4,56.5,True,1,0,1,1,0,1
574,19.90,5.0,5.0,1.00,0.0,100.0,True,0,0,0,0,1,0
575,3.15,4.9,4.9,1.04,4.3,47.8,True,0,1,1,1,0,1
576,1.04,4.8,4.8,1.00,0.0,50.0,False,0,0,1,1,0,0
577,15.10,5.0,3.0,1.00,0.0,100.0,False,0,0,1,0,0,0
578,1.40,4.3,4.5,1.00,0.0,66.7,False,0,0,1,1,0,0
579,2.23,2.0,4.0,1.00,0.0,0.0,True,0,0,1,0,0,0
580,6.38,5.0,5.0,1.00,0.0,66.7,False,0,1,1,0,1,1
581,18.14,5.0,4.0,1.00,0.0,100.0,False,0,0,0,0,0,0
582,8.47,5.0,NaN,1.00,0.0,80.0,True,1,0,0,0,1,0
583,2.38,5.0,5.0,1.00,0.0,50.0,False,1,0,1,1,0,0
584,4.80,5.0,NaN,1.00,0.0,0.0,False,0,0,0,0,1,0
585,5.75,5.0,5.0,1.00,0.0,66.7,False,0,1,1,0,1,1
586,2.31,4.6,5.0,1.42,34.8,47.8,True,1,0,1,1,0,1
587,6.23,4.8,3.0,1.00,0.0,83.3,True,0,0,1,1,0,1
588,3.33,4.8,5.0,1.46,33.3,100.0,True,0,0,1,1,0,0
589,1.03,5.0,NaN,1.00,0.0,100.0,True,1,0,0,0,1,0
590,1.18,5.0,5.0,1.00,0.0,100.0,False,0,0,1,0,0,0
591,5.24,4.7,5.0,1.04,3.6,60.7,False,0,1,1,1,0,1
592,3.99,4.9,4.3,1.10,16.7,58.3,True,0,1,1,0,0,1
593,2.42,4.7,5.0,1.44,25.0,25.0,False,0,0,1,1,0,0
594,1.72,5.0,4.3,1.00,0.0,100.0,False,0,0,0,1,0,0
595,4.49,5.0,4.8,1.00,0.0,100.0,True,0,0,0,1,0,0
596,3.29,4.5,4.5,1.13,50.0,0.0,False,1,0,0,0,1,1
597,4.00,4.6,5.0,1.14,18.8,31.3,True,1,0,1,1,0,1
598,4.29,5.0,5.0,1.25,100.0,0.0,False,0,0,1,0,0,0
599,6.12,4.9,4.8,1.07,14.3,77.1,False,0,0,1,1,0,1
600,4.36,5.0,3.3,1.00,0.0,33.3,False,0,0,1,1,0,0
601,5.45,5.0,4.6,1.00,0.0,14.3,False,0,1,0,0,0,1
602,0.92,5.0,5.0,1.00,0.0,100.0,False,0,0,1,0,1,0
603,6.46,5.0,5.0,1.25,50.0,0.0,False,0,0,1,1,0,0
604,2.36,4.5,4.3,1.06,7.5,80.0,True,0,0,1,1,0,1
605,7.40,5.0,4.0,1.25,50.0,50.0,False,0,0,1,1,0,0
606,1.97,5.0,5.0,1.00,0.0,50.0,True,1,0,1,0,1,1
607,3.94,5.0,5.0,1.00,0.0,100.0,True,1,0,1,0,0,0
608,9.28,5.0,5.0,1.00,0.0,50.0,True,0,0,1,0,1,0
609,1.87,5.0,3.9,1.00,0.0,62.5,False,1,0,1,0,0,1
610,7.73,4.9,4.1,1.00,0.0,90.9,False,0,0,0,0,0,1
611,3.01,3.5,5.0,1.04,16.7,83.3,False,1,0,0,1,0,0
612,3.20,5.0,5.0,1.00,0.0,50.0,False,0,1,1,0,0,1
613,3.17,5.0,4.0,1.00,0.0,0.0,False,0,0,1,0,1,1
614,2.79,4.6,4.3,1.07,8.3,41.7,True,0,0,0,0,0,1
615,4.51,5.0,4.0,1.13,50.0,50.0,False,1,0,1,1,0,1
616,5.60,5.0,5.0,1.00,0.0,100.0,True,0,0,0,1,0,0
617,7.92,4.0,5.0,1.00,0.0,100.0,False,0,0,0,1,0,0
618,1.35,5.0,5.0,1.33,33.3,66.7,False,0,1,0,0,0,1
619,4.05,5.0,2.0,1.00,0.0,0.0,False,0,0,0,0,0,0
620,2.06,5.0,5.0,1.00,0.0,0.0,True,0,0,0,0,0,0
621,3.48,4.9,4.5,1.00,0.0,42.9,False,0,0,1,1,0,1
622,8.14,4.8,5.0,1.00,0.0,25.0,False,0,1,0,0,1,0
623,3.85,4.1,3.0,1.54,42.9,57.1,False,0,0,1,1,0,0
624,5.20,4.3,5.0,1.00,0.0,83.3,True,0,0,0,0,0,1
625,2.83,5.0,4.0,1.00,0.0,0.0,False,0,0,1,1,0,0
626,13.08,4.8,4.7,1.02,6.3,81.3,False,0,1,1,0,1,1
627,2.89,5.0,NaN,1.00,0.0,50.0,False,0,0,0,0,1,0
628,1.68,5.0,5.0,1.00,0.0,100.0,False,1,0,1,0,0,0
629,1.75,5.0,4.8,1.20,40.0,20.0,False,0,0,1,1,0,0
630,10.79,5.0,NaN,1.00,0.0,100.0,False,0,0,1,0,1,0
631,2.33,5.0,5.0,2.00,100.0,0.0,False,1,0,0,0,1,0
632,10.27,4.8,5.0,1.00,0.0,100.0,False,1,0,1,0,1,1
633,3.53,5.0,NaN,1.00,0.0,40.0,True,1,0,1,1,0,1
634,14.34,5.0,NaN,1.00,0.0,0.0,False,0,0,1,0,0,0
635,2.95,4.5,5.0,1.00,0.0,50.0,True,1,0,1,0,1,0
636,4.23,5.0,5.0,1.00,0.0,0.0,True,0,1,0,0,0,1
637,4.85,4.9,4.3,1.06,12.5,50.0,True,0,0,1,0,0,0
638,3.33,4.5,5.0,1.13,25.0,50.0,False,0,0,1,1,0,0
639,1.38,4.5,NaN,1.00,0.0,0.0,True,0,1,1,0,1,1
640,6.12,5.0,4.5,1.08,33.3,33.3,False,0,0,1,0,1,0
641,3.52,4.8,4.2,1.00,0.0,88.2,True,0,0,1,1,0,1
642,2.88,5.0,5.0,1.38,50.0,50.0,False,0,0,0,1,0,0
643,2.65,4.9,4.4,1.00,0.0,82.5,True,1,0,1,0,1,1
644,5.02,4.6,5.0,1.44,33.3,44.4,False,0,0,0,1,0,1
645,2.55,5.0,4.7,1.00,0.0,50.0,False,1,0,1,1,0,0
646,1.93,5.0,5.0,1.25,100.0,0.0,False,1,0,1,0,1,0
647,1.90,4.7,5.0,1.00,0.0,100.0,False,0,0,0,1,0,0
648,13.83,4.8,4.4,1.04,15.4,100.0,True,1,0,1,1,0,1
649,3.63,4.4,4.0,1.00,0.0,80.0,False,0,0,1,1,0,1
650,2.24,3.0,4.0,1.00,0.0,0.0,True,1,0,1,0,0,0
651,3.95,4.8,4.3,1.03,6.7,53.3,True,0,0,0,0,0,1
652,3.72,5.0,NaN,1.00,0.0,0.0,True,0,1,1,0,1,0
653,3.04,5.0,NaN,1.00,0.0,100.0,True,1,0,0,0,1,1
654,2.83,5.0,5.0,1.00,0.0,100.0,True,0,0,0,0,0,0
655,2.35,5.0,5.0,1.00,0.0,66.7,True,0,1,1,1,0,1
656,2.52,4.5,5.0,2.00,66.7,33.3,False,0,1,1,1,0,1
657,12.06,4.5,4.8,1.00,0.0,100.0,False,0,0,1,0,1,1
658,6.00,5.0,5.0,1.00,0.0,100.0,False,0,0,0,0,1,1
659,14.22,5.0,NaN,1.00,0.0,100.0,False,0,0,1,0,0,0
660,3.55,5.0,4.0,1.00,0.0,100.0,False,1,0,1,1,0,0
661,3.12,5.0,NaN,1.00,0.0,100.0,False,0,1,0,0,1,1
662,14.91,5.0,NaN,2.50,100.0,100.0,True,0,0,1,0,0,0
663,1.90,4.5,5.0,1.05,4.3,71.6,True,0,0,1,1,0,1
664,1.01,5.0,5.0,1.00,0.0,0.0,False,1,0,0,0,0,0
665,5.52,5.0,5.0,1.00,0.0,0.0,False,1,0,1,0,0,0
666,1.39,5.0,5.0,1.00,0.0,0.0,False,0,0,0,0,0,0
667,5.56,5.0,4.6,1.00,0.0,100.0,True,0,0,1,1,0,1
668,6.40,5.0,5.0,1.00,0.0,100.0,False,1,0,0,0,0,0
669,1.19,4.0,5.0,1.00,0.0,0.0,False,0,0,1,1,0,0
670,0.97,5.0,NaN,1.00,0.0,0.0,False,1,0,0,0,0,0
671,2.76,4.8,4.3,1.15,13.5,75.0,True,0,0,1,1,0,1
672,4.85,4.1,4.3,1.00,0.0,100.0,False,0,0,1,0,1,0
673,2.44,4.8,5.0,1.14,19.7,49.3,True,1,0,1,1,0,0
674,10.11,4.6,4.9,1.00,0.0,100.0,False,1,0,0,0,0,1
675,2.83,4.8,3.9,1.10,4.2,62.5,True,1,0,0,1,0,1
676,7.70,5.0,4.7,1.00,0.0,66.7,True,0,1,1,0,1,1
677,8.18,5.0,5.0,1.00,0.0,100.0,False,1,0,1,1,0,0
678,5.36,5.0,5.0,1.15,10.0,40.0,False,0,1,0,1,0,0
679,3.26,4.6,4.8,1.09,9.1,45.5,False,0,0,0,1,0,1
680,2.26,5.0,5.0,1.00,0.0,100.0,True,0,0,0,0,1,0
681,25.86,5.0,NaN,1.00,0.0,0.0,False,0,0,1,0,1,0
682,1.91,4.0,4.7,1.00,0.0,0.0,False,1,0,0,1,0,0
683,2.14,4.7,4.8,1.03,8.3,41.7,True,0,0,1,1,0,1
684,1.46,5.0,NaN,1.00,0.0,100.0,True,1,0,0,0,0,0
685,5.21,4.9,5.0,1.54,57.1,100.0,False,1,0,1,0,1,0
686,18.51,4.0,5.0,1.00,0.0,0.0,False,0,0,1,0,0,0
687,2.13,5.0,5.0,2.00,50.0,0.0,False,1,0,0,0,1,0
688,1.45,4.2,5.0,1.08,22.2,55.6,False,0,0,1,1,0,1
689,3.47,5.0,NaN,1.00,0.0,0.0,False,1,0,1,0,1,1
690,1.51,5.0,NaN,1.00,0.0,100.0,True,1,0,1,0,1,1
691,1.67,5.0,5.0,1.00,0.0,0.0,False,0,1,0,1,0,0
692,2.74,4.8,4.0,1.00,0.0,83.3,False,1,0,1,1,0,0
693,2.83,5.0,5.0,1.25,100.0,0.0,False,0,0,1,0,1,1
694,3.08,4.0,NaN,1.00,0.0,100.0,True,1,0,1,0,0,1
695,3.66,5.0,4.0,1.00,0.0,0.0,False,1,0,1,0,1,0
696,2.77,4.8,5.0,1.10,14.0,54.2,True,0,1,1,1,0,1
697,17.28,4.9,4.6,1.00,0.0,91.7,True,0,1,1,1,0,1
698,1.78,5.0,5.0,2.00,100.0,100.0,False,1,0,0,0,0,0
699,3.28,4.8,4.0,1.06,25.0,25.0,True,0,0,1,0,1,1
700,2.75,4.8,4.8,1.01,4.5,63.6,True,1,0,0,1,0,1
701,2.10,4.7,5.0,1.04,5.4,84.9,True,1,0,1,1,0,1
702,13.05,5.0,NaN,1.00,0.0,0.0,True,0,0,1,0,0,0
703,4.69,5.0,5.0,1.13,16.7,16.7,False,0,1,0,1,0,0
704,4.82,5.0,4.0,1.00,0.0,100.0,True,0,1,0,1,0,1
705,2.16,4.7,4.9,1.19,24.7,54.5,True,0,1,1,1,0,1
706,1.87,4.7,4.0,1.00,0.0,100.0,True,0,0,0,0,1,0
707,1.00,5.0,4.0,1.00,0.0,80.0,False,0,0,0,1,0,0
708,1.82,4.6,4.9,1.00,0.0,73.3,False,0,0,1,1,0,1
709,2.02,5.0,5.0,1.00,0.0,0.0,True,1,0,1,0,1,1
710,5.53,4.7,4.8,1.01,0.9,68.9,False,0,0,1,0,0,1
711,2.89,4.5,4.2,1.00,0.0,78.6,True,0,1,1,1,0,1
712,1.02,5.0,5.0,1.00,0.0,33.3,False,1,0,1,0,1,0
713,4.98,5.0,NaN,1.00,0.0,100.0,False,1,0,0,0,1,0
714,3.56,4.5,5.0,1.10,5.0,75.0,True,0,0,1,1,0,1
715,1.91,5.0,4.5,1.00,0.0,100.0,False,1,0,1,0,1,0
716,5.86,4.4,5.0,1.00,0.0,46.2,True,0,0,1,1,0,1
717,14.84,4.8,4.7,1.00,0.0,66.7,True,0,0,1,1,0,0
718,0.62,5.0,5.0,1.00,0.0,0.0,True,1,0,1,0,1,0
719,10.68,5.0,5.0,1.00,0.0,33.3,True,0,0,0,1,0,0
720,1.32,5.0,5.0,1.00,0.0,0.0,False,0,1,0,0,1,0
721,4.14,5.0,2.8,1.00,0.0,60.0,True,0,0,1,1,0,0
722,7.89,5.0,5.0,1.00,0.0,0.0,False,0,0,1,0,1,1
723,3.10,5.0,5.0,1.00,0.0,66.7,False,1,0,1,0,1,1
724,5.43,5.0,3.0,1.00,0.0,100.0,True,0,0,0,0,0,0
725,2.27,3.0,NaN,1.00,0.0,0.0,True,0,0,0,0,0,0
726,3.43,4.8,5.0,1.02,3.3,70.0,True,1,0,1,1,0,1
727,4.07,4.8,4.8,1.20,22.6,76.4,True,1,0,1,1,0,1
728,1.93,4.0,5.0,1.00,0.0,100.0,False,1,0,1,1,0,1
729,6.80,5.0,4.0,1.00,0.0,100.0,True,1,0,1,0,1,0
730,16.80,4.8,5.0,1.10,10.0,50.0,False,0,1,1,1,0,1
731,13.62,5.0,5.0,1.00,0.0,66.7,True,0,0,0,1,0,1
732,15.24,5.0,NaN,1.00,0.0,100.0,False,1,0,0,0,1,0
733,3.77,5.0,NaN,1.00,0.0,100.0,True,0,0,1,0,1,0
734,1.86,4.7,4.6,1.04,12.0,78.0,False,0,0,1,1,0,1
735,2.80,4.9,4.7,1.00,0.0,55.6,False,0,1,0,1,0,1
736,4.20,5.0,5.0,1.00,0.0,0.0,False,0,0,0,1,0,0
737,8.72,5.0,5.0,1.00,0.0,50.0,False,0,0,1,1,0,0
738,6.48,5.0,5.0,1.00,0.0,66.7,True,0,0,0,0,0,0
739,4.77,5.0,NaN,1.00,0.0,0.0,False,1,0,1,0,1,0
740,3.45,5.0,NaN,1.25,50.0,50.0,False,1,0,1,0,1,0
741,4.56,5.0,5.0,1.56,25.0,25.0,False,0,0,1,1,0,0
742,1.99,4.4,4.2,1.25,50.0,10.0,False,0,1,1,0,0,1
743,3.71,4.8,4.7,1.02,10.0,40.0,False,0,1,1,1,0,1
744,3.57,4.0,4.0,1.00,0.0,100.0,False,0,0,1,0,0,0
745,14.88,5.0,5.0,1.00,0.0,100.0,False,0,0,1,0,0,0
746,1.90,3.9,3.9,1.00,0.0,100.0,False,0,0,1,1,0,0
747,3.20,4.5,5.0,1.16,9.1,81.8,True,1,0,1,1,0,1
748,1.43,4.7,3.5,1.00,0.0,44.4,False,0,0,0,1,0,1
749,16.10,5.0,5.0,1.00,0.0,0.0,False,0,0,1,0,0,0
750,7.80,4.4,3.3,1.11,18.8,43.8,True,0,0,1,1,0,1
751,2.43,5.0,NaN,1.00,0.0,100.0,False,1,0,1,0,0,0
752,13.94,5.0,4.8,1.00,0.0,50.0,True,0,1,1,0,0,0
753,5.71,5.0,5.0,1.00,0.0,0.0,False,1,0,0,0,1,1
754,10.86,5.0,5.0,1.00,0.0,50.0,False,0,0,0,0,1,0
755,2.05,4.0,5.0,1.30,20.0,0.0,True,0,1,1,0,0,1
756,7.96,5.0,NaN,1.00,0.0,0.0,True,1,0,1,0,0,0
757,2.55,4.8,4.5,1.00,0.0,50.0,False,1,0,1,0,1,1
758,2.17,4.7,3.0,1.00,0.0,55.6,True,0,0,0,1,0,0
759,7.59,5.0,5.0,1.50,50.0,100.0,False,0,1,1,0,1,0
760,1.00,5.0,4.6,1.00,0.0,72.2,False,0,1,1,1,0,1
761,9.94,5.0,4.0,1.00,0.0,100.0,True,0,0,1,0,1,1
762,6.23,5.0,5.0,1.13,25.0,0.0,False,1,0,1,1,0,0
763,1.38,5.0,2.0,1.00,0.0,100.0,False,1,0,1,1,0,0
764,27.78,5.0,4.5,1.00,0.0,100.0,False,0,1,0,0,1,0
765,8.71,5.0,5.0,1.13,12.5,87.5,False,0,1,1,1,0,1
766,2.82,5.0,4.0,1.00,0.0,100.0,True,1,0,0,0,1,1
767,8.78,5.0,NaN,1.50,100.0,100.0,False,1,0,1,0,0,0
768,10.73,4.0,5.0,1.00,0.0,100.0,True,0,0,1,0,0,1
769,4.78,5.0,4.5,1.00,0.0,50.0,False,1,0,0,1,0,0
770,6.81,4.5,NaN,1.00,0.0,25.0,False,0,0,0,0,0,1
771,2.69,4.4,4.0,1.50,40.0,60.0,False,1,0,1,0,0,1
772,6.62,5.0,4.0,1.08,33.3,33.3,True,1,0,1,0,0,1
773,4.48,5.0,NaN,1.13,50.0,0.0,True,1,0,1,0,1,0
774,3.29,5.0,5.0,1.25,50.0,50.0,False,0,1,1,0,1,1
775,1.87,4.7,4.8,1.00,0.0,25.0,True,0,0,0,1,0,1
776,7.80,5.0,5.0,1.33,33.3,0.0,False,0,0,1,0,1,0
777,1.02,5.0,NaN,1.00,0.0,0.0,False,1,0,0,0,1,0
778,2.06,5.0,4.5,1.00,0.0,50.0,True,1,0,1,0,1,0
779,3.18,4.7,3.9,1.08,22.2,44.4,False,0,0,1,1,0,0
780,2.14,4.8,4.9,1.00,0.0,55.0,True,0,1,1,1,0,1
781,2.31,5.0,5.0,1.00,0.0,100.0,True,0,0,0,0,0,0
782,9.56,5.0,4.0,1.00,0.0,100.0,True,1,0,1,1,0,0
783,2.31,5.0,5.0,1.00,0.0,100.0,False,1,0,0,0,0,0
784,3.61,5.0,5.0,1.25,33.3,0.0,False,0,0,1,1,0,1
785,3.73,4.6,4.4,1.09,10.5,42.1,False,0,0,1,0,0,1
786,0.89,5.0,4.0,1.00,0.0,0.0,True,1,0,1,0,1,0
787,2.46,5.0,NaN,1.00,0.0,0.0,False,0,1,0,0,0,0
788,4.18,4.5,4.4,1.00,0.0,100.0,False,0,0,0,0,1,0
789,6.07,4.8,3.8,1.00,0.0,20.0,True,0,0,0,1,0,0
790,4.24,3.7,5.0,1.46,33.3,33.3,False,0,0,1,0,0,0
791,10.31,4.7,5.0,1.20,10.0,10.0,True,0,1,1,1,0,1
792,2.26,5.0,5.0,1.31,25.0,25.0,True,1,0,1,0,1,1
793,2.05,4.1,3.8,1.00,0.0,14.3,False,0,0,1,1,0,0
794,4.39,5.0,5.0,1.00,0.0,0.0,True,1,0,1,0,1,0
795,2.64,5.0,3.6,1.00,0.0,100.0,False,0,0,1,1,0,1
796,2.25,4.5,4.5,1.00,0.0,100.0,True,0,0,0,1,0,0
797,8.61,5.0,NaN,1.00,0.0,0.0,False,1,0,1,0,0,0
798,11.30,4.6,5.0,1.00,0.0,75.0,False,0,0,1,1,0,1
799,60.58,5.0,5.0,1.00,0.0,100.0,False,1,0,0,0,1,0
800,4.98,5.0,5.0,1.00,0.0,100.0,False,0,0,1,0,1,1
801,16.18,5.0,2.5,1.00,0.0,0.0,True,1,0,1,1,0,0
802,12.34,5.0,4.6,1.58,16.7,66.7,True,0,0,1,1,0,1
803,6.12,5.0,4.0,1.25,100.0,0.0,False,1,0,0,0,0,0
804,16.14,5.0,NaN,1.00,0.0,100.0,True,1,0,1,0,0,0
805,3.40,4.7,4.8,1.04,4.8,54.8,False,0,0,1,1,0,1
806,0.81,5.0,5.0,1.00,0.0,50.0,False,1,0,0,1,0,0
807,1.96,3.0,5.0,1.00,0.0,0.0,False,0,0,1,0,0,0
808,11.68,5.0,4.0,1.00,0.0,66.7,True,0,1,1,1,0,0
809,4.94,5.0,NaN,1.00,0.0,0.0,False,0,0,1,0,1,0
810,3.40,5.0,NaN,1.00,0.0,0.0,False,1,0,1,0,1,0
811,1.81,5.0,1.0,1.00,0.0,0.0,True,1,0,1,1,0,0
812,4.65,3.0,4.0,1.00,0.0,100.0,True,0,0,1,0,0,0
813,11.07,4.0,NaN,1.00,0.0,0.0,False,0,0,0,0,0,0
814,4.26,4.5,4.0,1.00,0.0,50.0,False,0,0,1,0,0,1
815,1.34,5.0,2.0,1.00,0.0,100.0,False,0,0,1,0,0,0
816,2.12,4.7,4.9,1.04,15.0,40.0,False,0,1,1,1,0,1
817,1.73,4.8,3.3,1.22,37.5,12.5,False,0,0,1,1,0,0
818,3.68,5.0,5.0,1.00,0.0,100.0,True,0,1,0,0,1,0
819,5.84,4.8,3.9,1.00,0.0,85.7,True,1,0,1,1,0,1
820,3.17,5.0,5.0,1.00,0.0,100.0,False,0,0,1,0,0,0
821,2.96,4.3,4.0,1.04,4.8,100.0,True,1,0,1,1,0,1
822,19.46,5.0,5.0,1.00,0.0,100.0,False,0,1,1,0,1,0
823,7.38,5.0,5.0,1.00,0.0,100.0,True,0,1,1,0,1,0
824,2.52,4.4,4.5,1.14,14.3,60.7,False,1,0,1,1,0,1
825,5.96,4.8,5.0,1.01,4.2,66.7,False,0,0,1,1,0,1
826,2.83,4.8,5.0,1.06,5.9,23.5,True,0,0,1,0,1,1
827,0.63,5.0,NaN,1.00,0.0,100.0,False,0,0,1,0,1,0
828,2.10,5.0,5.0,1.00,0.0,0.0,True,0,1,1,0,1,1
829,3.56,5.0,5.0,1.00,0.0,33.3,True,1,0,1,0,0,0
830,1.96,4.6,4.5,1.05,5.0,90.0,False,0,0,1,1,0,1
831,2.16,5.0,2.5,1.00,0.0,66.7,False,0,0,1,0,1,1
832,2.97,4.6,4.1,1.00,0.0,50.0,False,0,0,1,1,0,1
833,11.42,4.5,3.0,1.00,0.0,50.0,False,0,0,1,1,0,0
834,7.50,4.7,4.9,1.03,8.5,57.4,True,1,0,1,1,0,1
835,7.63,5.0,5.0,1.00,0.0,85.7,False,1,0,1,1,0,0
836,7.38,4.6,4.8,1.00,0.0,40.0,False,0,0,1,0,1,1
837,1.95,4.4,5.0,1.00,0.0,87.5,False,0,0,1,1,0,1
838,0.58,5.0,NaN,1.00,0.0,0.0,False,0,0,1,0,0,0
839,1.81,4.5,4.7,1.00,0.0,57.1,True,1,0,1,1,0,1
840,13.05,5.0,5.0,1.00,0.0,0.0,False,0,0,0,0,0,0
841,3.55,4.6,4.9,1.00,0.0,20.0,False,0,0,0,0,1,1
842,4.02,4.2,5.0,1.05,20.0,100.0,False,1,0,1,1,0,0
843,2.90,5.0,4.6,1.00,0.0,77.8,False,0,1,1,1,0,1
844,15.31,5.0,NaN,1.00,0.0,100.0,False,0,0,0,0,1,0
845,9.18,5.0,5.0,1.00,0.0,33.3,False,0,0,1,1,0,0
846,1.17,5.0,4.0,1.00,0.0,100.0,True,0,1,1,0,0,1
847,3.27,5.0,5.0,1.00,0.0,0.0,False,1,0,1,0,1,0
848,14.55,5.0,5.0,1.00,0.0,100.0,False,0,0,1,0,1,0
849,13.92,5.0,5.0,1.00,0.0,50.0,False,0,0,0,1,0,0
850,9.68,5.0,NaN,1.00,0.0,100.0,False,1,0,0,0,0,0
851,6.59,4.5,4.0,1.00,0.0,100.0,True,1,0,1,0,1,0
852,5.66,5.0,5.0,1.00,0.0,100.0,False,1,0,0,0,1,1
853,5.05,4.8,4.1,1.00,0.0,81.3,False,1,0,0,1,0,0
854,2.01,3.9,4.0,1.00,0.0,62.5,False,0,0,1,1,0,1
855,1.95,5.0,5.0,1.25,50.0,100.0,False,0,0,0,0,1,0
856,2.32,3.7,3.3,1.00,0.0,100.0,False,1,0,0,1,0,0
857,0.42,NaN,4.0,1.00,0.0,0.0,False,0,0,1,0,1,0
858,4.60,4.3,5.0,1.00,0.0,100.0,False,0,1,1,0,1,1
859,1.05,4.9,5.0,1.00,0.0,57.1,True,0,1,1,0,1,1
860,36.20,5.0,5.0,1.00,0.0,100.0,False,0,0,1,0,1,0
861,5.38,5.0,NaN,1.00,0.0,0.0,False,1,0,0,0,1,1
862,4.67,4.3,5.0,1.08,33.3,33.3,False,0,0,1,0,0,0
863,8.70,4.8,5.0,1.06,16.7,83.3,False,1,0,1,1,0,1
864,4.16,5.0,3.7,1.09,12.5,100.0,False,0,0,1,1,0,1
865,17.81,5.0,5.0,1.00,0.0,100.0,True,0,0,1,0,0,0
866,2.81,4.8,5.0,1.00,0.0,75.0,True,1,0,1,1,0,1
867,3.12,4.6,5.0,1.00,0.0,37.5,False,0,0,1,0,1,1
868,5.65,5.0,5.0,1.00,0.0,100.0,False,1,0,1,0,1,0
869,8.08,5.0,4.8,1.00,0.0,50.0,False,1,0,0,1,0,0
870,14.89,5.0,4.0,1.00,0.0,100.0,False,0,0,1,0,0,0
871,1.47,4.0,5.0,1.00,0.0,0.0,False,0,0,0,0,0,0
872,19.39,5.0,5.0,1.00,0.0,100.0,False,0,1,1,1,0,0
873,2.37,5.0,NaN,1.50,100.0,100.0,False,0,0,1,0,1,1
874,3.65,4.8,4.8,1.00,0.0,30.8,True,1,0,0,1,0,1
875,9.48,4.5,5.0,1.00,0.0,50.0,False,1,0,1,0,1,1
876,3.27,4.9,5.0,1.00,0.0,25.0,False,0,0,0,1,0,0
877,6.98,5.0,NaN,1.00,0.0,0.0,False,0,0,0,0,0,0
878,4.96,4.8,5.0,1.00,0.0,50.0,False,1,0,1,0,1,0
879,2.10,5.0,5.0,1.00,0.0,33.3,False,0,1,1,1,0,1
880,2.93,4.9,4.5,1.02,6.7,66.7,True,0,1,1,1,0,1
881,7.19,5.0,4.0,1.00,0.0,0.0,True,0,1,1,0,1,1
882,5.99,1.0,NaN,1.00,0.0,0.0,True,0,0,1,0,1,1
883,7.60,4.7,5.0,1.08,33.3,0.0,False,0,0,1,1,0,0
884,8.00,4.5,5.0,1.38,50.0,50.0,False,0,0,1,0,0,0
885,14.30,5.0,5.0,1.00,0.0,100.0,False,0,0,1,0,1,0
886,2.75,4.8,5.0,1.13,16.7,33.3,True,0,0,0,0,0,0
887,3.24,4.8,4.5,1.14,22.2,44.4,False,1,0,1,1,0,0
888,6.25,5.0,NaN,1.00,0.0,0.0,True,1,0,1,0,1,0
889,23.35,5.0,5.0,1.00,0.0,100.0,False,0,1,1,0,0,0
890,1.79,4.9,5.0,1.05,14.3,57.1,False,0,1,0,1,0,0
891,43.71,5.0,5.0,1.00,0.0,100.0,False,0,1,1,0,1,0
892,1.61,5.0,5.0,1.00,0.0,100.0,False,1,0,1,0,0,0
893,3.07,5.0,NaN,1.00,0.0,100.0,False,1,0,1,0,1,0
894,6.86,5.0,4.3,1.00,0.0,100.0,True,0,0,0,0,1,1
895,2.95,4.9,4.7,1.00,0.0,36.4,False,0,0,1,1,0,0
896,6.74,5.0,4.0,1.00,0.0,33.3,False,0,0,1,1,0,0
897,26.27,4.5,4.0,1.00,0.0,83.3,True,1,0,1,1,0,1
898,5.51,5.0,5.0,1.06,25.0,100.0,False,1,0,0,0,0,0
899,10.96,4.8,3.5,1.00,0.0,100.0,False,0,0,1,0,1,1
900,6.46,4.8,4.3,1.88,50.0,100.0,False,0,0,1,1,0,0
901,3.31,4.7,5.0,1.01,2.3,69.8,True,1,0,1,1,0,1
902,2.48,4.8,5.0,1.06,4.8,57.1,False,0,0,1,1,0,1
903,2.84,5.0,4.4,1.00,0.0,14.3,False,0,1,1,1,0,1
904,2.98,4.7,4.3,1.00,0.0,100.0,True,1,0,0,0,1,1
905,2.83,5.0,NaN,1.25,50.0,0.0,False,0,0,1,0,0,0
906,2.31,4.6,4.8,1.25,27.3,36.4,False,1,0,1,1,0,1
907,2.04,5.0,NaN,1.00,0.0,0.0,False,0,0,1,0,0,0
908,4.08,1.0,NaN,1.00,0.0,0.0,True,1,0,0,0,0,0
909,3.37,4.7,4.8,1.04,11.1,70.4,False,1,0,1,1,0,1
910,1.35,4.4,4.7,1.00,0.0,100.0,False,0,0,1,1,0,1
911,7.49,5.0,5.0,1.10,20.0,100.0,False,1,0,0,1,0,0
912,1.41,5.0,5.0,1.00,0.0,100.0,True,0,1,1,0,1,1
913,3.12,5.0,4.8,1.00,0.0,75.0,False,0,0,1,1,0,0
914,14.26,5.0,5.0,1.00,0.0,0.0,False,0,0,0,0,0,0
915,3.24,5.0,NaN,1.00,0.0,100.0,False,0,0,0,0,0,0
916,1.63,4.3,4.0,1.00,0.0,66.7,True,0,0,1,1,0,1
917,3.41,4.7,4.3,1.00,0.0,71.4,True,0,0,1,0,0,1
918,1.35,4.9,4.8,1.00,0.0,42.9,True,0,0,1,1,0,0
919,3.25,5.0,5.0,1.08,33.3,33.3,False,0,0,0,1,0,0
920,3.51,3.8,NaN,1.00,0.0,80.0,False,1,0,0,0,1,1
921,2.00,5.0,4.8,1.00,0.0,40.0,True,0,0,1,0,0,1
922,3.09,4.6,3.4,1.16,12.5,12.5,False,0,0,1,1,0,0
923,4.75,4.4,4.8,1.00,0.0,66.7,False,0,0,0,0,1,1
924,15.29,5.0,5.0,1.00,0.0,100.0,False,0,0,0,0,0,0
925,10.63,3.0,NaN,1.00,0.0,100.0,False,0,0,1,0,0,0
926,8.92,4.5,5.0,1.00,0.0,100.0,False,1,0,1,1,0,0
927,1.97,5.0,NaN,1.00,0.0,100.0,False,1,0,1,0,1,0
928,2.31,4.7,4.2,1.03,6.8,69.3,False,0,0,0,1,0,1
929,1.46,4.8,3.8,1.11,11.1,100.0,True,0,1,1,1,0,1
930,2.32,3.8,4.7,1.00,0.0,100.0,True,0,0,1,0,1,1
931,16.47,5.0,NaN,1.00,0.0,100.0,False,0,1,1,0,1,1
932,2.48,5.0,5.0,1.00,0.0,0.0,True,1,0,0,1,0,0
933,2.84,5.0,4.3,1.00,0.0,62.5,False,0,0,1,1,0,1
934,2.86,5.0,5.0,1.00,0.0,100.0,True,0,0,1,1,0,0
935,23.98,5.0,4.0,1.00,0.0,100.0,True,0,1,1,0,1,1
936,2.60,1.0,NaN,1.00,0.0,100.0,False,0,0,1,0,0,0
937,10.00,5.0,NaN,1.00,0.0,66.7,False,0,1,0,0,0,0
938,3.95,5.0,5.0,1.00,0.0,50.0,True,0,0,0,1,0,0
939,6.89,5.0,NaN,1.00,0.0,0.0,False,0,0,0,0,1,0
940,2.51,5.0,5.0,1.06,22.2,66.7,False,1,0,1,1,0,0
941,1.19,5.0,5.0,1.00,0.0,100.0,False,1,0,0,1,0,0
942,2.98,5.0,5.0,1.06,25.0,75.0,False,0,0,0,1,0,0
943,1.07,5.0,4.0,1.00,0.0,100.0,True,1,0,1,0,0,0
944,0.47,5.0,NaN,1.00,0.0,100.0,False,0,0,1,0,0,0
945,5.92,5.0,5.0,1.00,0.0,0.0,False,1,0,1,1,0,0
946,8.20,4.8,4.8,1.01,2.9,31.4,True,0,0,1,0,1,1
947,3.32,4.7,4.8,1.00,0.0,33.3,False,0,1,0,1,0,1
948,2.37,5.0,3.5,1.20,20.0,100.0,False,1,0,1,1,0,0
949,13.84,5.0,5.0,1.00,0.0,0.0,False,1,0,0,0,0,0
950,2.70,4.9,4.4,1.00,0.0,54.5,False,0,1,1,1,0,0
951,4.86,4.4,5.0,1.07,18.2,54.5,True,1,0,0,1,0,1
952,3.73,4.5,5.0,1.00,0.0,0.0,True,1,0,0,1,0,0
953,1.44,5.0,4.5,1.00,0.0,80.0,False,0,0,1,1,0,1
954,1.97,5.0,4.4,1.18,23.8,90.5,False,0,1,1,1,0,1
955,2.65,4.9,4.6,1.13,28.6,28.6,False,0,1,0,1,0,1
956,6.04,5.0,NaN,1.17,33.3,100.0,False,1,0,0,0,0,0
957,3.34,4.9,4.8,1.00,0.0,75.8,False,0,0,1,1,0,1
958,3.77,5.0,NaN,2.25,100.0,0.0,False,0,1,1,0,0,0
959,18.50,5.0,5.0,1.00,0.0,100.0,False,0,0,0,1,0,0
960,2.61,4.7,5.0,1.21,14.3,14.3,False,0,0,1,1,0,1
961,8.85,5.0,5.0,1.00,0.0,100.0,True,0,1,1,0,0,1
962,11.33,5.0,4.8,1.00,0.0,100.0,True,0,0,1,0,1,0
963,4.44,4.9,4.8,1.03,11.1,77.8,False,0,1,1,0,1,1
964,4.98,4.0,NaN,1.00,0.0,0.0,False,1,0,1,0,1,1
965,1.65,5.0,5.0,1.00,0.0,0.0,False,0,0,1,0,0,1
966,1.00,5.0,5.0,1.00,0.0,100.0,True,1,0,0,0,0,0
967,5.44,4.9,5.0,1.00,0.0,53.3,False,0,0,0,1,0,1
968,13.83,5.0,NaN,1.00,0.0,100.0,False,0,0,0,0,0,0
969,2.35,4.8,5.0,1.00,0.0,100.0,True,1,0,1,1,0,0
970,8.73,5.0,5.0,1.04,14.3,85.7,False,1,0,0,0,0,0
971,1.49,4.7,4.0,1.01,1.6,73.4,False,0,0,1,1,0,1
972,6.22,5.0,4.5,1.00,0.0,83.3,False,0,1,0,1,0,0
973,12.20,4.8,2.5,1.21,33.3,16.7,True,0,0,1,0,1,1
974,8.05,5.0,NaN,1.00,0.0,100.0,False,1,0,1,0,0,0
975,0.00,4.0,NaN,1.00,0.0,0.0,True,0,0,0,0,0,0
976,4.30,5.0,NaN,1.00,0.0,100.0,False,1,0,0,0,0,1
977,1.53,4.7,5.0,1.92,66.7,0.0,False,1,0,0,1,0,0
978,2.77,4.7,4.9,1.06,12.3,64.0,True,0,0,1,1,0,1
979,2.86,5.0,5.0,1.00,0.0,0.0,False,0,0,0,0,0,0
980,2.20,5.0,4.0,1.00,0.0,0.0,False,1,0,0,0,0,0
981,4.38,5.0,NaN,1.00,0.0,100.0,True,1,0,1,0,0,0
982,14.01,5.0,5.0,1.00,0.0,0.0,False,1,0,1,0,0,0
983,4.83,5.0,NaN,1.00,0.0,0.0,False,0,0,0,0,0,0
984,3.07,5.0,5.0,1.00,0.0,100.0,False,1,0,0,0,1,0
985,3.16,4.8,5.0,1.31,25.0,25.0,True,0,0,1,1,0,0
986,2.10,5.0,5.0,1.00,0.0,0.0,False,0,0,0,0,0,0
987,3.17,5.0,NaN,1.00,0.0,100.0,False,0,0,0,0,1,0
988,7.78,5.0,5.0,1.50,50.0,0.0,False,0,1,1,0,0,1
989,2.05,4.0,NaN,1.00,0.0,50.0,False,0,0,1,0,0,0
990,4.39,4.7,4.6,1.09,10.3,69.0,False,1,0,1,1,0,1
991,3.80,1.0,3.0,1.00,0.0,50.0,False,0,0,1,0,0,1
992,1.94,5.0,5.0,1.00,0.0,0.0,True,0,1,1,0,1,0
993,4.16,4.9,4.9,1.00,0.0,57.1,False,1,0,1,0,0,1
994,11.69,5.0,NaN,1.00,0.0,0.0,False,0,0,1,0,1,0
995,3.63,5.0,5.0,1.00,0.0,100.0,False,1,0,1,0,0,0
996,8.24,5.0,4.5,1.00,0.0,100.0,False,0,0,0,0,0,0
997,2.87,5.0,NaN,1.00,0.0,0.0,False,0,0,1,0,1,1
998,18.49,5.0,4.9,1.00,0.0,72.7,True,0,1,0,0,0,1
999,17.96,5.0,NaN,1.00,0.0,100.0,False,0,0,0,0,0,0
